title,genre,price,rating,page
"""Most Blessed Of The Patriarchs"": Thomas Jefferson And The Empire Of The Imagination",History,£44.48,Five,25
#Girlboss,Default,£50.96,One,45
#Higherselfie: Wake Up Your Life. Free Your Soul. Find Your Tribe.,Nonfiction,£23.11,Five,3
'Salem'S Lot,Horror,£49.56,Four,35
(Un)Qualified: How God Uses Broken People To Do Big Things,Christian,£54.00,Five,7
"1,000 Places To See Before You Die",Travel,£26.08,Five,50
"10% Happier: How I Tamed The Voice In My Head, Reduced Stress Without Losing My Edge, And Found Self-Help That Actually Works",Nonfiction,£24.57,Two,21
10-Day Green Smoothie Cleanse: Lose Up To 15 Pounds In 10 Days!,Health,£49.71,Five,21
11/22/63,Fiction,£48.48,Three,21
13 Hours: The Inside Account Of What Really Happened In Benghazi,Nonfiction,£27.06,One,18
1491: New Revelations Of The Americas Before Columbus,History,£21.80,Three,18
1St To Die (Women'S Murder Club #1),Mystery,£53.98,One,50
23 Degrees South: A Tropical Tale Of Changing Whether...,Default,£35.79,Two,23
32 Yolks,Food and Drink,£53.63,Two,25
8 Keys To Mental Health Through Exercise,Psychology,£31.04,One,45
A Brush Of Wings (Angels Walking #3),Default,£55.51,One,18
A Clash Of Kings (A Song Of Ice And Fire #2),Default,£10.79,Three,33
A Court Of Thorns And Roses (A Court Of Thorns And Roses #1),Fantasy,£52.37,One,7
A Distant Mirror: The Calamitous 14Th Century,History,£14.58,Three,18
A Feast For Crows (A Song Of Ice And Fire #4),Fantasy,£17.21,Four,33
A Fierce And Subtle Poison,Young Adult,£28.13,Four,7
A Flight Of Arrows (The Pathfinders #2),Historical Fiction,£55.53,Five,7
A Game Of Thrones (A Song Of Ice And Fire #1),Default,£46.42,Two,33
A Gathering Of Shadows (Shades Of Magic #2),Fantasy,£44.81,Four,28
A Gentleman'S Position (Society Of Gentlemen #3),Romance,£14.75,Five,21
A Girl'S Guide To Moving On (New Beginnings #2),Romance,£31.30,One,33
A Heartbreaking Work Of Staggering Genius,Autobiography,£54.29,Five,45
A Hero'S Curse (The Unseen Chronicles #1),Default,£50.49,Three,23
"A History Of God: The 4,000-Year Quest Of Judaism, Christianity, And Islam",Religion,£27.62,One,35
A Light In The Attic,Poetry,£51.77,Three,1
A Man Called Ove,Fiction,£39.72,One,18
A Mother'S Reckoning: Living In The Aftermath Of Tragedy,Nonfiction,£19.53,Three,21
"A Murder Over A Girl: Justice, Gender, Junior High",Nonfiction,£13.20,Three,25
A Murder In Time,Mystery,£16.64,One,7
A New Earth: Awakening To Your Life'S Purpose,Spirituality,£55.65,Five,35
A Paris Apartment,Historical Fiction,£39.01,Four,20
A People'S History Of The United States,Default,£40.79,Two,18
"A Piece Of Sky, A Grain Of Rice: A Memoir In Four Meditations",Default,£56.76,Five,7
"A Series Of Catastrophes And Miracles: A True Story Of Love, Science, And Cancer",Default,£56.48,Two,18
A Shard Of Ice (The Black Symphony Saga #1),Fantasy,£56.63,Three,23
A Short History Of Nearly Everything,History,£52.40,Five,28
A Spy'S Devotion (The Regency Spies Of London #1),Historical Fiction,£16.97,Five,50
A Storm Of Swords (A Song Of Ice And Fire #3),Fantasy,£31.22,Two,45
A Study In Scarlet (Sherlock Holmes #1),Mystery,£16.73,Two,18
A Summer In Europe,Travel,£44.34,Two,28
A Time Of Torment (Charlie Parker #14),Mystery,£48.35,Five,18
A Visit From The Goon Squad,Default,£14.08,Five,45
A Walk In The Woods: Rediscovering America On The Appalachian Trail,Nonfiction,£30.48,Four,45
A Walk To Remember,Romance,£56.43,One,35
A World Of Flavor: Your Gluten Free Passport,Default,£42.95,One,7
A Year In Provence (Provence #1),Travel,£56.88,Four,29
"A La Mode: 120 Recipes In 60 Pairings: Pies, Tarts, Cakes, Crisps, And More Topped With Ice Cream, Gelato, Frozen Custard, And More",Food and Drink,£38.77,One,20
Abstract City,Nonfiction,£56.37,Five,18
Adultery,Default,£20.88,Five,21
"Adulthood Is A Myth: A ""Sarah'S Scribbles"" Collection",Sequential Art,£10.90,Two,18
Agnostic: A Spirited Manifesto,Nonfiction,£12.51,Five,11
"Ajin: Demi-Human, Volume 1 (Ajin: Demi-Human #1)",Sequential Art,£57.06,Four,50
Aladdin And His Wonderful Lamp,Default,£53.13,Three,2
Algorithms To Live By: The Computer Science Of Human Decisions,Nonfiction,£30.81,One,7
Alice In Wonderland (Alice'S Adventures In Wonderland #1),Classics,£55.53,One,50
Alight (The Generations Trilogy #2),Default,£58.59,Four,33
All The Light We Cannot See,Historical,£29.87,Five,18
Amatus,Default,£50.54,Five,11
America'S Cradle Of Quarterbacks: Western Pennsylvania'S Football Factory From Johnny Unitas To Joe Montana,Default,£22.50,Three,2
America'S War For The Greater Middle East: A Military History,History,£51.22,Two,32
Amid The Chaos,Cultural,£36.58,One,11
Amy Meets The Saints And Sages,Default,£18.46,Three,11
An Abundance Of Katherines,Young Adult,£10.00,Five,32
An Unquiet Mind: A Memoir Of Moods And Madness,Psychology,£21.30,Three,29
And Then There Were None,Classics,£35.01,Two,45
Angels & Demons (Robert Langdon #1),Default,£51.48,Three,17
Angels Walking (Angels Walking #1),Default,£34.20,Two,17
Animal Farm,Classics,£57.22,Three,35
Annie On My Mind,Young Adult,£36.83,Five,45
Anonymous,Default,£46.82,Four,11
Approval Junkie: Adventures In Caring Too Much,Autobiography,£58.81,Five,32
Are We Smart Enough To Know How Smart Animals Are?,Nonfiction,£56.58,One,44
Are We There Yet?,Childrens,£10.66,Three,44
Arena,Science Fiction,£21.36,Four,21
Aristotle And Dante Discover The Secrets Of The Universe (Aristotle And Dante Discover The Secrets Of The Universe #1),Young Adult,£58.14,Four,17
Art Ops Vol. 1,Sequential Art,£48.80,Three,17
Art And Fear: Observations On The Perils (And Rewards) Of Artmaking,Art,£48.63,Four,23
Ash,Fantasy,£22.06,Four,44
"At The Existentialist Cafã©: Freedom, Being, And Apricot Cocktails With: Jean-Paul Sartre, Simone De Beauvoir, Albert Camus, Martin Heidegger, Edmund Husserl, Karl Jaspers, Maurice Merleau-Ponty And Others",Philosophy,£29.93,Five,28
Atlas Shrugged,Fiction,£26.58,Five,35
"Avatar: The Last Airbender: Smoke And Shadow, Part 3 (Smoke And Shadow #3)",Fantasy,£28.09,Two,6
Awkward,Sequential Art,£38.02,Two,44
Ayumi'S Violin,Default,£15.48,Two,11
Balloon Animals,Fiction,£17.03,Three,17
Barefoot Contessa Back To Basics,Food and Drink,£28.01,One,17
Barefoot Contessa At Home: Everyday Recipes You'Ll Make Over And Over Again,Food and Drink,£50.62,Five,17
Batman: Europa,Sequential Art,£32.01,Two,17
Batman: The Dark Knight Returns (Batman),Sequential Art,£15.38,Five,11
Batman: The Long Halloween (Batman),Sequential Art,£36.50,Two,11
Beautiful Creatures (Caster Chronicles #1),Default,£21.55,Five,44
Beauty Restored (Riley Family Legacy Novellas #3),Default,£11.11,Two,11
Becoming Wise: An Inquiry Into The Mystery And Art Of Living,Nonfiction,£27.43,Two,11
Behind Closed Doors,Thriller,£52.22,Four,2
Being Mortal: Medicine And What Matters In The End,Nonfiction,£55.06,Four,25
Benjamin Franklin: An American Life,Biography,£48.19,Three,28
Beowulf,Classics,£38.35,Two,44
Best Of My Love (Fool'S Gold #20),Romance,£27.41,Two,44
Better Homes And Gardens New Cook Book,Food and Drink,£39.61,Three,29
Between Shades Of Gray,Historical Fiction,£20.79,Five,44
Between The World And Me,Nonfiction,£56.91,Four,25
Beyond Good And Evil,Philosophy,£43.38,One,50
Big Little Lies,Fiction,£22.11,One,44
Big Magic: Creative Living Beyond Fear,Nonfiction,£30.80,Three,11
Birdsong: A Story In Pictures,Childrens,£54.64,Three,2
"Bitch Planet, Vol. 1: Extraordinary Machine (Bitch Planet (Collected Editions))",Sequential Art,£37.92,Two,6
"Black Butler, Vol. 1 (Black Butler #1)",Sequential Art,£49.31,One,44
Black Dust,Romance,£34.53,Five,2
Black Flags: The Rise Of Isis,Nonfiction,£40.87,One,44
"Bleach, Vol. 1: Strawberry And The Soul Reapers (Bleach #1)",Sequential Art,£34.65,Five,50
Blink: The Power Of Thinking Without Thinking,Nonfiction,£21.74,Five,44
Blood Defense (Samantha Brinkman #1),Mystery,£20.30,Three,50
Blue Like Jazz: Nonreligious Thoughts On Christian Spirituality,Christian,£25.77,One,27
"Blue Lily, Lily Blue (The Raven Cycle #3)",Default,£34.13,Five,32
Boar Island (Anna Pigeon #19),Mystery,£59.48,Three,20
Booked,Poetry,£17.49,Five,32
Born For This: How To Find The Work You Were Meant To Do,Business,£21.59,Five,21
"Born To Run: A Hidden Tribe, Superathletes, And The Greatest Race The World Has Never Seen",Nonfiction,£27.35,Two,44
Bossypants,Default,£49.46,Two,6
Bounty (Colorado Mountain #7),Romance,£37.26,Four,50
Boy Meets Boy,Young Adult,£21.12,Three,44
Brain On Fire: My Month Of Madness,Nonfiction,£49.32,Five,17
Brave Enough,Nonfiction,£51.32,Five,44
Brazen: The Courage To Find The You That'S Been Hiding,Nonfiction,£19.22,Two,25
Breaking Dawn (Twilight #4),Default,£35.28,Five,44
Bridget Jones'S Diary (Bridget Jones #1),Womens Fiction,£29.82,One,50
Bright Lines,Fiction,£39.07,Five,50
Brilliant Beacons: A History Of The American Lighthouse,History,£11.45,Three,25
Burning,Young Adult,£28.81,Three,6
Buying In: The Secret Dialogue Between What We Buy And Who We Are,Nonfiction,£37.80,Four,17
Call The Nurse: True Stories Of A Country Nurse On A Scottish Isle,Nonfiction,£29.14,Five,6
Camp Midnight,Sequential Art,£17.08,Four,6
Can You Keep A Secret?,Womens Fiction,£21.94,One,35
Can You Keep A Secret? (Fear Street Relaunch #4),Horror,£48.64,One,20
Candide,Classics,£58.63,Three,35
Career Of Evil (Cormoran Strike #3),Mystery,£24.72,Two,44
Carrie,Default,£46.23,Two,17
"Carry On, Warrior: Thoughts On Life Unarmed",Default,£31.85,Three,17
Catastrophic Happiness: Finding Joy In Childhood'S Messy Years,Parenting,£37.35,Two,44
Catching Jordan (Hundred Oaks),Young Adult,£50.83,Three,17
Catherine The Great: Portrait Of A Woman,History,£58.55,Four,29
Cell,Default,£20.29,Four,17
Changing The Game (Play By Play #2),Romance,£13.38,Three,35
Charity'S Cross (Charles Towne Belles #4),Romance,£41.24,One,50
Charlie And The Chocolate Factory (Charlie Bucket #1),Childrens,£22.85,Three,50
Chase Me (Paris Nights #2),Romance,£25.27,Five,2
Chasing Heaven: What Dying Taught Me About Living,Spirituality,£37.80,Two,11
Chernobyl 01:23:40: The Incredible True Story Of The World'S Worst Nuclear Disaster,Nonfiction,£35.92,Two,23
Choosing Our Religion: The Spiritual Lives Of America'S Nones,Religion,£28.42,Four,50
"Chronicles, Vol. 1",Music,£52.60,Two,27
Cinder (The Lunar Chronicles #1),Young Adult,£26.09,One,44
City Of Ashes (The Mortal Instruments #2),Default,£47.27,One,17
City Of Bones (The Mortal Instruments #1),Default,£43.28,One,17
City Of Fallen Angels (The Mortal Instruments #4),Default,£11.23,Four,17
City Of Glass (The Mortal Instruments #3),Fantasy,£56.02,Four,17
Civilization And Its Discontents,Psychology,£59.95,Two,44
Clockwork Angel (The Infernal Devices #1),Default,£44.14,One,17
Close To You,Christian Fiction,£49.46,Four,11
Code Name Verity (Code Name Verity #1),Default,£22.13,Four,17
"Codename Baboushka, Volume 1: The Conclave Of Death",Sequential Art,£36.72,Four,6
Cometh The Hour (The Clifton Chronicles #6),Fiction,£25.01,Three,16
Confessions Of A Shopaholic (Shopaholic #1),Default,£48.94,Two,35
Cosmos,Default,£36.17,Two,43
Counted With The Stars (Out From Egypt #1),Christian Fiction,£17.97,Five,27
Counting Thyme,Childrens,£10.62,One,43
Cravings: Recipes For What You Want To Eat,Food and Drink,£20.50,Three,21
Crazy Love: Overwhelmed By A Relentless God,Christian,£47.72,Two,16
Crazy Rich Asians (Crazy Rich Asians #1),Fiction,£49.13,Five,43
Critique Of Pure Reason,Philosophy,£20.75,One,32
Crown Of Midnight (Throne Of Glass #2),Fantasy,£43.29,Three,6
Daily Fantasy Sports,Default,£36.58,One,16
Danganronpa Volume 1,Sequential Art,£51.99,Four,6
Daredevils,Fiction,£16.34,Three,21
"Daring Greatly: How The Courage To Be Vulnerable Transforms The Way We Live, Love, Parent, And Lead",Nonfiction,£19.43,Three,11
Dark Lover (Black Dagger Brotherhood #1),Romance,£12.87,One,35
Dark Notes,Erotica,£19.19,Five,11
Dark Places,Default,£23.90,Five,43
Darkfever (Fever #1),Fantasy,£56.02,One,43
"Data, A Love Story: How I Gamed Online Dating To Meet My Match",Nonfiction,£32.35,Three,32
"David And Goliath: Underdogs, Misfits, And The Art Of Battling Giants",Default,£17.81,One,43
Dead Wake: The Last Crossing Of The Lusitania,Default,£39.24,Five,43
Dear Mr. Knightley,Fiction,£11.21,Five,16
"Death Note, Vol. 5: Whiteout (Death Note #5)",Sequential Art,£52.41,One,32
"Death Note, Vol. 6: Give-And-Take (Death Note #6)",Sequential Art,£36.39,Three,29
Death By Leisure: A Cautionary Tale,Default,£37.51,Four,25
Deception Point,Fiction,£40.32,Four,29
Deep Under (Walker Security #1),Romance,£47.09,Five,50
"Deliciously Ella Every Day: Quick And Easy Recipes For Gluten-Free Snacks, Packed Lunches, And Simple Meals",Food and Drink,£42.16,Three,10
Delivering The Truth (Quaker Midwife Mystery #1),Mystery,£20.89,Four,27
Demigods & Magicians: Percy And Annabeth Meet The Kanes (Percy Jackson & Kane Chronicles Crossover #1-3),Fantasy,£37.51,Five,16
Diary Of A Citizen Scientist: Chasing Tiger Beetles And Other New Ways Of Engaging The World,Science,£28.41,One,25
Diary Of A Minecraft Zombie Book 1: A Scare Of A Dare (An Unofficial Minecraft Book),Childrens,£52.88,Four,46
Digital Fortress,Fiction,£58.00,Five,32
Dirty (Dive Bar #1),Romance,£40.83,Four,20
Disrupted: My Misadventure In The Start-Up Bubble,Nonfiction,£15.28,Five,43
Do Androids Dream Of Electric Sheep? (Blade Runner #1),Science Fiction,£51.48,One,43
Doctor Sleep (The Shining #2),Horror,£40.12,Two,16
Doing It Over (Most Likely To #1),Romance,£35.61,Three,10
"Don'T Be A Jerk: And Other Practical Advice From Dogen, Japan'S Greatest Zen Master",Religion,£37.97,Two,6
Don'T Forget Steven,Young Adult,£33.23,One,22
Don'T Get Caught,Young Adult,£55.35,One,16
Done Rubbed Out (Reightman & Bailey #1),Default,£37.72,Five,10
Dracula,Default,£52.62,Three,43
Dracula The Un-Dead,Horror,£35.63,Five,32
Drama,Default,£38.70,Two,32
Dress Your Family In Corduroy And Denim,Humor,£43.68,Three,22
Drive: The Surprising Truth About What Motivates Us,Default,£34.95,Four,10
Dune (Dune #1),Science Fiction,£54.86,One,43
"Eat Fat, Get Thin",Health,£54.07,Two,16
"Eat, Pray, Love",Nonfiction,£51.32,Three,50
"Eaternity: More Than 150 Deliciously Easy Vegan Recipes For A Long, Healthy, Satisfied, Joyful Life",Nonfiction,£51.75,Five,16
Eclipse (Twilight #3),Default,£18.74,One,43
Eight Hundred Grapes,Fiction,£14.39,Four,16
El Deafo,Sequential Art,£57.62,Five,16
Eleanor & Park,Default,£56.51,Five,20
Eligible (The Austen Project #4),Fiction,£27.09,Three,16
Emma,Classics,£32.93,Two,50
Ender'S Game (The Ender Quintet #1),Default,£43.64,One,25
Equal Is Unfair: America'S Misguided Fight Against Income Inequality,Politics,£56.86,One,20
Eragon (The Inheritance Cycle #1),Fantasy,£43.87,Three,43
Eureka Trivia 6.0,Default,£54.59,Four,10
Every Heart A Doorway (Every Heart A Doorway #1),Fantasy,£12.16,Five,27
Every Last Word,Default,£46.47,Three,16
Everydata: The Misinformation Hidden In The Little Data You Consume Every Day,Nonfiction,£54.35,Two,6
Everyday Italian: 125 Simple And Delicious Recipes,Food and Drink,£20.10,Five,20
Evicted: Poverty And Profit In The American City,Default,£42.27,One,32
"Exit, Pursued By A Bear",Young Adult,£51.34,Four,21
Extreme Prey (Lucas Davenport #26),Mystery,£25.40,Three,43
"Fables, Vol. 1: Legends In Exile (Fables #1)",Sequential Art,£41.62,Four,10
"Far & Away: Places On The Brink Of Change: Seven Continents, Twenty-Five Years",Nonfiction,£15.06,Four,16
Far From True (Promise Falls Trilogy #2),Thriller,£34.93,Two,35
Feathers: Displays Of Brilliant Plumage,Art,£49.05,Three,16
Fellside,Default,£38.62,One,43
Fifty Shades Darker (Fifty Shades #2),Romance,£21.96,One,6
Fifty Shades Freed (Fifty Shades #3),Adult Fiction,£15.36,Five,43
Fighting Fate (Fighting #6),Romance,£39.24,Three,50
Find Her (Detective D.D. Warren #8),Default,£22.37,One,32
Finders Keepers (Bill Hodges Trilogy #2),Fiction,£53.53,Five,10
Finding God In The Ruins: How God Redeems Pain,Nonfiction,£46.64,Two,27
Fire Bound (Sea Haven/Sisters Of The Heart #5),Default,£21.28,Four,43
First Steps For New Christians (Print Edition),Default,£29.00,One,10
First And First (Five Boroughs #3),Romance,£15.97,Four,6
Follow You Home,Horror,£21.36,One,10
Fool Me Once,Default,£16.96,One,32
"Foolproof Preserving: A Guide To Small Batch Jams, Jellies, Pickles, Condiments, And More: A Foolproof Guide To Making Small Batch Jams, Jellies, Pickles, Condiments, And More",Food and Drink,£30.52,Three,2
For The Love: Fighting For Grace In A World Of Impossible Standards,Nonfiction,£45.13,Three,27
Forever Rockers (The Rocker #12),Music,£28.80,Three,50
Forever And Forever: The Courtship Of Henry Longfellow And Fanny Appleton,Historical Fiction,£29.69,Three,6
Foundation (Foundation (Publication Order) #1),Science Fiction,£32.42,One,32
Frankenstein,Default,£38.00,Two,50
"Friday Night Lights: A Town, A Team, And A Dream",Sports and Games,£51.22,Three,43
Frostbite (Vampire Academy #2),Young Adult,£29.99,Five,10
"Fruits Basket, Vol. 1 (Fruits Basket #1)",Sequential Art,£40.28,Five,49
"Fruits Basket, Vol. 2 (Fruits Basket #2)",Sequential Art,£11.64,Five,46
"Fruits Basket, Vol. 3 (Fruits Basket #3)",Sequential Art,£45.17,Two,43
"Fruits Basket, Vol. 4 (Fruits Basket #4)",Sequential Art,£50.44,Four,34
"Fruits Basket, Vol. 5 (Fruits Basket #5)",Sequential Art,£16.33,One,32
"Fruits Basket, Vol. 6 (Fruits Basket #6)",Sequential Art,£20.96,Four,29
"Fruits Basket, Vol. 7 (Fruits Basket #7)",Sequential Art,£19.57,One,27
"Fruits Basket, Vol. 9 (Fruits Basket #9)",Sequential Art,£33.95,Four,22
Full Moon Over NoahâS Ark: An Odyssey To Mount Ararat And Beyond,Travel,£49.43,Four,10
Fun Home: A Family Tragicomic,Default,£56.59,Four,29
Furiously Happy: A Funny Book About Horrible Things,Nonfiction,£41.46,Four,20
Future Shock (Future Shock #1),Young Adult,£55.65,Five,25
"Giant Days, Vol. 1 (Giant Days #1-4)",Sequential Art,£56.76,Four,49
"Giant Days, Vol. 2 (Giant Days #5-8)",Sequential Art,£22.11,Two,6
Girl Online On Tour (Girl Online #2),Young Adult,£53.47,One,45
Girl With A Pearl Earring,Historical Fiction,£26.77,One,34
Girl In The Blue Coat,Historical Fiction,£46.83,Two,43
"Girl, Interrupted",Nonfiction,£42.14,Three,29
Give It Back,Thriller,£18.32,Two,29
Glory Over Everything: Beyond The Kitchen House,Historical Fiction,£45.84,Three,16
God Is Not Great: How Religion Poisons Everything,Nonfiction,£27.80,One,34
God: The Most Unpleasant Character In All Fiction,Religion,£30.03,Five,16
Golden (Heart Of Dread #3),Young Adult,£42.21,Four,42
Gone Girl,Default,£37.60,Five,42
Gone With The Wind,Classics,£32.49,Three,34
Good In Bed (Cannie Shapiro #1),Default,£37.05,Five,27
Gratitude,Nonfiction,£26.66,Five,42
"Grayson, Vol 3: Nemesis (Grayson #3)",Sequential Art,£42.72,One,42
Greek Mythic History,Default,£10.23,Five,16
Green Eggs And Ham (Beginner Books B-16),Childrens,£10.79,Four,42
Grey (Fifty Shades #4),Womens Fiction,£48.49,Four,21
Grumbles,Default,£22.16,Two,10
H Is For Hawk,Nonfiction,£57.42,Five,45
Hamilton: The Revolution,Nonfiction,£58.79,Three,16
Harry Potter And The Chamber Of Secrets (Harry Potter #2),Fantasy,£14.74,One,34
Harry Potter And The Deathly Hallows (Harry Potter #7),Default,£23.32,One,32
Harry Potter And The Half-Blood Prince (Harry Potter #6),Fantasy,£48.75,Five,34
Harry Potter And The Order Of The Phoenix (Harry Potter #5),Fantasy,£31.63,Four,34
Harry Potter And The Prisoner Of Azkaban (Harry Potter #3),Young Adult,£24.17,Four,34
Harry Potter And The Sorcerer'S Stone (Harry Potter #1),Default,£13.90,Three,34
Having The Barbarian'S Baby (Ice Planet Barbarians #7.5),Science Fiction,£34.96,Four,49
"Hawkeye, Vol. 1: My Life As A Weapon (Hawkeye #1)",Sequential Art,£45.24,Three,49
Heaven Is For Real: A Little Boy'S Astounding Story Of His Trip To Heaven And Back,Default,£52.86,Two,25
Heir To The Sky,Fantasy,£44.07,Four,42
Her Backup Boyfriend (The Sorensen Family #1),Romance,£33.97,One,6
Hide Away (Eve Duncan #20),Mystery,£11.84,One,20
History Of Beauty,Art,£10.29,Four,24
Hold Your Breath (Search And Rescue #1),Romance,£28.82,One,16
Holidays On Ice,Humor,£51.07,Two,42
Hollow City (Miss PeregrineâS Peculiar Children #2),Fantasy,£42.98,One,10
Horrible Bear!,Childrens,£37.52,Two,42
House Of Leaves,Horror,£54.89,One,42
"House Of Lost Worlds: Dinosaurs, Dynasties, And The Story Of Life On Earth",History,£43.70,Two,42
How Music Works,Music,£37.32,Two,2
How To Be Miserable: 40 Strategies You Already Use,Self Help,£46.03,One,6
How To Be A Domestic Goddess: Baking And The Art Of Comfort Cooking,Food and Drink,£28.25,Two,27
How To Cook Everything Vegetarian: Simple Meatless Recipes For Great Food (How To Cook Everything),Food and Drink,£46.01,Four,27
How To Speak Golf: An Illustrated Guide To Links Lingo,Default,£58.32,Five,19
How To Stop Worrying And Start Living,Self Help,£46.49,Five,29
Howl And Other Poems,Poetry,£40.45,Two,24
Hungry Girl Clean & Hungry: Easy All-Natural Recipes For Healthy Eating In The Real World,Food and Drink,£33.14,Three,42
"Hush, Hush (Hush, Hush #1)",Default,£47.02,Three,15
"Hyperbole And A Half: Unfortunate Situations, Flawed Coping Mechanisms, Mayhem, And Other Things That Happened",Humor,£14.75,Five,15
Hystopia: A Novel,Fiction,£21.96,Four,24
I Am Malala: The Girl Who Stood Up For Education And Was Shot By The Taliban,Nonfiction,£28.88,Two,42
I Am Pilgrim (Pilgrim #1),Fiction,£10.60,Four,15
I Had A Nice Time And Other Lies...: How To Find Love & Sh*T Like That,Womens Fiction,£57.36,Four,10
"I Hate Fairyland, Vol. 1: Madly Ever After (I Hate Fairyland (Compilations) #1-5)",Sequential Art,£29.17,Two,6
I Know What I'M Doing -- And Other Lies I Tell Myself: Dispatches From A Life Under Construction,Humor,£25.98,Four,15
I Know Why The Caged Bird Sings (Maya Angelou'S Autobiography #1),Default,£36.55,Two,32
I Will Find You,Nonfiction,£44.21,One,24
I Am A Hero Omnibus Volume 1,Sequential Art,£54.63,Three,6
I'Ll Give You The Sun,Default,£56.48,One,24
I'Ve Got Your Number,Womens Fiction,£19.69,One,42
Icing (Aces Hockey #2),Sports and Games,£40.44,Four,49
If I Gave You God'S Phone Number....: Searching For Spirituality In America,Spirituality,£20.91,One,22
If I Run (If I Run #1),Christian Fiction,£49.97,Four,42
If I Stay (If I Stay #1),Default,£38.13,Five,32
Immunity: How Elie Metchnikoff Changed The Course Of Modern Medicine,Science,£57.36,Five,6
Imperfect Harmony,Romance,£34.74,Four,49
In Cold Blood,Nonfiction,£49.98,Four,29
In Her Wake,Thriller,£12.84,One,2
"In A Dark, Dark Wood",Mystery,£19.63,One,2
In The Country We Love: My Family Divided,Nonfiction,£22.00,Four,5
"In The Garden Of Beasts: Love, Terror, And An American Family In Hitler'S Berlin",Nonfiction,£28.85,Three,42
In The Woods (Dublin Murder Squad #1),Mystery,£38.38,Two,29
Inferno (Robert Langdon #4),Fiction,£41.00,Five,42
Into The Wild,Nonfiction,£56.70,Five,42
Is Everyone Hanging Out Without Me? (And Other Concerns),Default,£20.11,Three,42
Isla And The Happily Ever After (Anna And The French Kiss #3),Young Adult,£48.13,Five,32
Island Of Dragons (Unwanteds #7),Fantasy,£29.65,One,15
It,Horror,£25.01,Three,34
It Didn'T Start With You: How Inherited Family Trauma Shapes Who We Are And How To End The Cycle,Psychology,£56.27,Three,21
"It'S All Easy: Healthy, Delicious Weeknight Meals In Under 30 Minutes",Food and Drink,£19.55,One,15
It'S Never Too Late To Begin Again: Discovering Creativity And Meaning At Midlife And Beyond,Nonfiction,£42.38,One,42
It'S Only The Himalayas,Travel,£45.17,Two,1
Jane Eyre,Default,£38.43,Five,49
John Adams,Default,£57.43,Four,27
John Vassos: Industrial Design For Modern Life,Default,£20.22,Four,24
Join,Science Fiction,£35.67,Five,5
Judo: Seven Steps To Black Belt (An Introductory Guide For Beginners),Default,£53.90,Two,5
Jurassic Park (Jurassic Park #1),Fiction,£44.97,One,42
Keep Me Posted,Womens Fiction,£20.46,Four,21
Kierkegaard: A Christian Missionary To Christians,Philosophy,£47.13,One,24
Kill 'Em And Leave: Searching For James Brown And The American Soul,Music,£45.05,Five,24
Kill The Boy Band,Young Adult,£15.52,Five,31
Killing Floor (Jack Reacher #1),Thriller,£31.49,Four,31
Kindle Paperwhite User'S Guide,Nonfiction,£34.00,Three,45
King'S Folly (The Kinsman Chronicles #1),Fantasy,£39.61,Five,27
Kitchens Of The Great Midwest,Fiction,£57.20,Five,49
Lab Girl,Autobiography,£40.85,One,21
Lady Midnight (The Dark Artifices #1),Default,£16.28,Five,15
Lady Renegades (Rebel Belle #3),Young Adult,£53.04,Five,41
"Lamb: The Gospel According To Biff, Christ'S Childhood Pal",Humor,£55.50,Five,41
Large Print Heart Of The Pride,Default,£19.15,Two,10
Last One Home (New Beginnings #1),Fiction,£59.98,Three,31
"Layered: Baking, Building, And Styling Spectacular Cakes",Food and Drink,£40.11,One,5
"Lean In: Women, Work, And The Will To Lead",Default,£25.02,One,41
Leave This Song Behind: Teen Poetry At Its Best,Poetry,£51.17,Five,27
Left Behind (Left Behind #1),Default,£40.72,Two,24
Legend (Legend #1),Young Adult,£43.69,Four,41
Les Fleurs Du Mal,Poetry,£29.04,Five,24
Let It Out: A Journey Through Journaling,Nonfiction,£26.79,Five,15
Let'S Pretend This Never Happened: A Mostly True Memoir,Nonfiction,£45.11,One,41
Letter To A Christian Nation,Nonfiction,£22.20,One,41
Libertarianism For Beginners,Politics,£51.33,Two,1
Library Of Souls (Miss PeregrineâS Peculiar Children #3),Young Adult,£48.56,Five,10
Lies And Other Acts Of Love,Fiction,£45.14,One,21
Life,Music,£31.58,Five,45
Life After Life,Default,£26.13,Two,41
Life Without A Recipe,Autobiography,£59.04,Five,41
Life Of Pi,Default,£13.22,Four,27
"Life, The Universe And Everything (Hitchhiker'S Guide To The Galaxy #3)",Science Fiction,£33.26,Two,41
Like Never Before (Walker Family #2),Christian Fiction,£28.77,Two,27
Lila (Gilead #3),Fiction,£12.47,Three,41
Lilac Girls,Historical Fiction,£17.28,Two,21
Listen To Me (Fusion #1),Romance,£58.99,Three,49
Little Red,Childrens,£13.47,Three,10
Little Women (Little Women #1),Classics,£28.07,Four,34
Living Forward: A Proven Plan To Stop Drifting And Get The Life You Want,Nonfiction,£12.55,Three,24
"Living Leadership By Insight: A Good Leader Achieves, A Great Leader Builds Monuments",Default,£46.91,Four,15
Logan Kade (Fallen Crest High #5.5),Academic,£13.12,Two,31
Lola And The Boy Next Door (Anna And The French Kiss #2),Young Adult,£23.63,Four,31
Looking For Lovely: Collecting The Moments That Matter,Nonfiction,£29.14,Five,15
Lord Of The Flies,Default,£24.89,Three,49
Lost Among The Living,Historical Fiction,£27.70,Four,49
Louisa: The Extraordinary Life Of Mrs. Adams,Biography,£16.85,Two,10
Love Is A Mix Tape (Music #1),Music,£18.03,One,15
"Love That Boy: What Two Presidents, Eight Road Trips, And My Son Taught Me About A Parent'S Expectations",Nonfiction,£25.06,Two,24
"Love, Lies And Spies",Historical Fiction,£20.55,Two,19
Lowriders To The Center Of The Earth (Lowriders In Space #2),Sequential Art,£51.51,Two,15
Luckiest Girl Alive,Default,£49.83,Three,15
Luis Paints The World,Childrens,£53.95,Three,15
Lumberjanes Vol. 3: A Terrible Plan (Lumberjanes #9-12),Sequential Art,£19.92,Two,5
"Lumberjanes, Vol. 1: Beware The Kitten Holy (Lumberjanes #1-4)",Sequential Art,£45.61,Three,5
"Lumberjanes, Vol. 2: Friendship To The Max (Lumberjanes #5-8)",Sequential Art,£46.91,Two,5
Lust & Wonder,Autobiography,£11.87,Two,41
M Train,Autobiography,£27.18,One,21
Made To Stick: Why Some Ideas Survive And Others Die,Business,£38.85,Five,15
"Mama Tried: Traditional Italian Cooking For The Screwed, Crude, Vegan, And Tattooed",Food and Drink,£14.02,Four,5
Man'S Search For Meaning,Nonfiction,£29.48,Three,24
Manuscript Found In Accra,Default,£34.98,Two,41
Masks And Shadows,Fantasy,£56.40,Two,5
Matilda,Childrens,£28.34,One,49
Maude (1883-1993):She Grew Up With The Country,Default,£18.02,Two,2
Maybe Something Beautiful: How Art Transformed A Neighborhood,Childrens,£22.54,One,31
Me Before You (Me Before You #1),Fiction,£19.02,One,29
Me Talk Pretty One Day,Autobiography,£57.60,Two,41
Meditations,Philosophy,£25.89,Two,49
Memoirs Of A Geisha,Fiction,£49.67,Three,27
Mere Christianity,Default,£48.51,Three,29
Mesaerion: The Best Science Fiction Stories 1800-1849,Science Fiction,£37.59,One,1
Meternity,Womens Fiction,£43.58,Three,27
Mexican Today: New And Rediscovered Recipes For Contemporary Kitchens,Food and Drink,£24.91,Five,31
Midnight Riot (Peter Grant/ Rivers Of London - Books #1),Fantasy,£55.46,Two,41
Miller'S Valley,Fiction,£58.54,Two,24
"Miracles From Heaven: A Little Girl, Her Journey To Heaven, And Her Amazing Story Of Healing",Nonfiction,£57.83,One,41
Misery,Horror,£34.79,Two,34
Miss PeregrineâS Home For Peculiar Children (Miss PeregrineâS Peculiar Children #1),Default,£10.76,One,10
Mockingjay (The Hunger Games #3),Default,£20.44,Four,34
Modern Day Fables,Default,£47.44,Two,22
Modern Romance,Default,£28.26,Five,10
More Than Music (Chasing The Dream #1),Default,£37.61,Two,15
Morning Star (Red Rising #3),Default,£29.40,One,41
Most Wanted,Mystery,£35.28,Three,19
"Mother, Can You Not?",Nonfiction,£16.89,Five,21
Mothering Sunday,Fiction,£13.34,Two,21
Mr. Mercedes (Bill Hodges Trilogy #1),Fiction,£28.90,One,15
Mrs. Houdini,Historical Fiction,£30.25,Five,9
"Ms. Marvel, Vol. 1: No Normal (Ms. Marvel (2014-2015) #1)",Sequential Art,£39.39,Four,49
Murder At The 42Nd Street Library (Raymond Ambler #1),Mystery,£54.36,Four,19
Musicophilia: Tales Of Music And The Brain,Default,£46.58,One,29
My Kind Of Crazy,Young Adult,£40.36,One,15
My Kitchen Year: 136 Recipes That Saved My Life,Food and Drink,£11.53,Two,18
My Life Next Door (My Life Next Door ),Young Adult,£36.39,Five,24
My Mother Was Nuts,Nonfiction,£31.63,Four,31
My Mrs. Brown,Fiction,£24.48,Three,15
My Name Is Lucy Barton,Fiction,£41.56,One,15
My Paris Kitchen: Recipes And Stories,Food and Drink,£33.37,Two,5
My Perfect Mistake (Over The Top #1),Romance,£38.92,Two,49
Myriad (Prentor #1),Fantasy,£58.75,Four,49
"Nano What Now? Finding Your Editing Process, Revising Your Nanowrimo Book And Building A Writing Career Through Publishing And Beyond",Default,£10.41,Four,22
Naked,Humor,£31.69,Three,41
Nap-A-Roo,Childrens,£25.08,One,22
"Naruto (3-In-1 Edition), Vol. 14: Includes Vols. 40, 41 & 42 (Naruto: Omnibus #14)",Sequential Art,£38.39,Two,14
"Naturally Lean: 125 Nourishing Gluten-Free, Plant-Based Recipes--All Under 300 Calories",Food and Drink,£11.38,Five,27
Needful Things,Horror,£47.51,Four,34
Neither Here Nor There: Travels In Europe,Travel,£38.95,Three,41
New Moon (Twilight #2),Young Adult,£12.86,Four,45
Night (The Night Trilogy #1),Nonfiction,£13.51,One,41
Night Shift (Night Shift #1-20),Horror,£12.75,Four,34
Night Sky With Exit Wounds,Poetry,£41.05,One,9
"Nightingale, Sing",Young Adult,£38.28,One,9
Nightstruck: A Novel,Young Adult,£50.35,Four,27
No Dream Is Too High: Life Lessons From A Man Who Walked On The Moon,Nonfiction,£21.95,Two,14
No Love Allowed (Dodge Cove #1),Young Adult,£54.65,Four,19
No One Here Gets Out Alive,Music,£20.02,Five,34
Notes From A Small Island (Notes From A Small Island #1),Nonfiction,£40.17,One,41
Obsidian (Lux #1),Young Adult,£14.86,Two,5
Of Mice And Men,Classics,£47.11,Two,49
Off Sides (Off #1),New Adult,£39.45,Five,49
Off The Hook (Fishing For Trouble #1),Romance,£47.67,Three,20
Old Records Never Die: One Man'S Quest For His Vinyl And His Past,Music,£55.66,Two,49
Old School (Diary Of A Wimpy Kid #10),Humor,£11.83,Five,14
Olio,Poetry,£23.88,One,1
On A Midnight Clear,Default,£14.07,Three,5
On The Road (Duluoz Legend),Default,£32.36,Three,49
Once Was A Time,Childrens,£18.28,Two,14
One Second (Seven #7),Fantasy,£52.94,Two,48
One For The Money (Stephanie Plum #1),Default,£32.87,Two,40
One With You (Crossfire #5),Default,£15.71,Four,19
Online Marketing For Busy Authors: A Step-By-Step Guide,Self Help,£46.35,One,5
Orange Is The New Black,Default,£24.61,Two,40
"Orchestra Of Exiles: The Story Of Bronislaw Huberman, The Israel Philharmonic, And The One Thousand Jews He Saved From Nazi Horrors",Music,£12.36,Three,34
Original Fake,Sequential Art,£31.45,Three,40
Origins (Alphas 0.5),Fantasy,£28.99,One,48
"Our Band Could Be Your Life: Scenes From The American Indie Underground, 1981-1991",Music,£57.25,Three,1
"Ouran High School Host Club, Vol. 1 (Ouran High School Host Club #1)",Sequential Art,£29.87,Three,48
Out Of Print: City Lights Spotlight No. 14,Poetry,£53.64,Five,24
"Outcast, Vol. 1: A Darkness Surrounds Him (Outcast #1)",Sequential Art,£15.44,Four,5
Outlander (Outlander #1),Default,£19.67,Five,34
Outliers: The Story Of Success,Nonfiction,£14.16,One,40
"Overload: How To Unplug, Unwind, And Unleash Yourself From The Pressure Of Stress",Self Help,£52.15,Three,14
Packing For Mars: The Curious Science Of Life In The Void,Default,£56.68,Two,40
"Paper Girls, Vol. 1 (Paper Girls #1-5)",Sequential Art,£21.71,Four,48
Paper And Fire (The Great Library #2),Fantasy,£49.45,Five,34
Paradise Lost (Paradise #1),Default,£24.96,One,48
Patience,Sequential Art,£10.16,Three,5
Peak: Secrets From The New Science Of Expertise,Science,£16.28,Two,31
Penny Maybe,Default,£33.29,Three,2
Persepolis: The Story Of A Childhood (Persepolis #1-2),Sequential Art,£39.13,One,40
Pet Sematary,Horror,£10.56,Three,14
Playing From The Heart,Childrens,£32.38,One,26
Playing With Fire,Mystery,£13.71,Three,20
Please Kill Me: The Uncensored Oral History Of Punk,Music,£31.19,Four,24
Poems That Make Grown Women Cry,Poetry,£14.19,Four,9
Poisonous (Max Revere Novels #3),Mystery,£26.80,Three,19
"Political Suicide: Missteps, Peccadilloes, Bad Calls, Backroom Hijinx, Sordid Pasts, Rotten Breaks, And Just Plain Dumb Mistakes In The Annals Of American Politics",History,£36.28,Two,5
"Pop Gun War, Volume 1: Gift",Sequential Art,£18.97,One,5
Poses For Artists Volume 1 - Dynamic And Sitting Poses: An Essential Reference For Figure Drawing And The Human Form,Default,£41.06,One,9
Pride And Prejudice,Default,£19.27,Four,29
Princess Between Worlds (Wide-Awake Princess #5),Fantasy,£13.34,Five,5
"Princess Jellyfish 2-In-1 Omnibus, Vol. 01 (Princess Jellyfish 2-In-1 Omnibus #1)",Sequential Art,£13.61,Five,5
Private Paris (Private #10),Fiction,£47.61,Five,3
Prodigy: The Graphic Novel (Legend: The Graphic Novel #2),Sequential Art,£43.63,Three,40
Proofs Of God: Classical Arguments From Tertullian To Barth,Philosophy,£54.21,One,24
Psycho: Sanitarium (Psycho #1.5),Horror,£36.97,Five,19
"Quarter Life Poetry: Poems For The Young, Broke And Hangry",Poetry,£50.89,Five,14
Quench Your Own Thirst: Business Lessons Learned Over A Beer Or Two,Business,£43.14,One,19
Quiet: The Power Of Introverts In A World That Can'T Stop Talking,Default,£43.55,One,40
Rain Fish,Childrens,£23.57,Three,14
Raspberry Pi Electronics Projects For The Evil Genius,Default,£49.67,Four,19
"Rat Queens, Vol. 1: Sass & Sorcery (Rat Queens (Collected Editions) #1-5)",Sequential Art,£46.96,Five,48
"Rat Queens, Vol. 3: Demons (Rat Queens (Collected Editions) #11-15)",Sequential Art,£50.40,Three,4
Raymie Nightingale,Childrens,£34.41,Two,26
Ready Player One,Science Fiction,£19.07,Four,40
Reasons To Stay Alive,Nonfiction,£26.41,Two,3
Red Dragon (Hannibal Lecter #1),Horror,£23.37,Three,31
"Red Hood/Arsenal, Vol. 1: Open For Business (Red Hood/Arsenal #1)",Sequential Art,£25.48,Two,14
Red: The True Story Of Red Riding Hood,Childrens,£28.54,Three,40
Redeeming Love,Christian Fiction,£20.47,Five,9
Remember Me?,Default,£11.48,Three,31
Reservations For Two,Romance,£11.10,Three,40
Reskilling America: Learning To Labor In The Twenty-First Century,Nonfiction,£19.83,Two,4
Rework,Business,£44.88,Two,40
"Rhythm, Chord & Malykhin",Romance,£28.34,Two,48
"Rich Dad, Poor Dad",Business,£51.74,One,26
Rip It Up And Start Again,Music,£35.02,Five,1
"Rise Of The Rocket Girls: The Women Who Propelled Us, From Missiles To The Moon To Mars",Nonfiction,£41.67,Four,40
Rising Strong,Nonfiction,£21.82,Three,24
Robin War,Sequential Art,£47.82,Three,14
Rogue Lawyer (Rogue Lawyer #1),Default,£50.11,Three,40
Roller Girl,Sequential Art,£14.10,Five,24
Romero And Juliet: A Tragic Tale Of Love And Zombies,Default,£36.94,One,9
Rook,Default,£37.86,Four,18
"Run, Spot, Run: The Ethics Of Keeping Pets",Philosophy,£20.02,One,45
Running With Scissors,Autobiography,£12.91,Four,40
"Saga, Volume 1 (Saga (Collected Editions) #1)",Sequential Art,£28.48,One,48
"Saga, Volume 2 (Saga (Collected Editions) #2)",Sequential Art,£11.75,Three,45
"Saga, Volume 3 (Saga (Collected Editions) #3)",Sequential Art,£21.57,Five,40
"Saga, Volume 5 (Saga (Collected Editions) #5)",Sequential Art,£51.04,Two,4
"Saga, Volume 6 (Saga (Collected Editions) #6)",Fantasy,£25.02,Three,4
Sapiens: A Brief History Of Humankind,History,£54.23,Five,1
Sarah'S Key,Default,£46.29,One,40
Scarlet (The Lunar Chronicles #2),Young Adult,£14.57,Four,40
Scarlett Epstein Hates It Here,Young Adult,£43.55,Five,9
Scott Pilgrim'S Precious Little Life (Scott Pilgrim #1),Sequential Art,£52.29,Five,1
Searching For Meaning In Gailana,Fantasy,£38.73,One,18
Secrets And Lace (Fatal Hearts #1),Default,£20.27,One,9
Security,Horror,£39.25,Two,4
See America: A Celebration Of Our National Parks & Treasured Sites,Travel,£48.87,Three,14
Sense And Sensibility,Classics,£37.46,One,48
Set Me Free,Young Adult,£17.46,Five,1
"Setting The World On Fire: The Brief, Astonishing Life Of St. Catherine Of Siena",Biography,£21.15,Two,20
Settling The Score (The Summer Games #1),Sports and Games,£44.91,Two,48
Seven Brief Lessons On Physics,Science,£30.60,Four,40
Seven Days In The Art World,Default,£52.33,Two,40
Shadow Rites (Jane Yellowrock #10),Fantasy,£21.72,Four,48
Shadows Of The Past (Logan Point #1),Christian Fiction,£39.67,Five,23
Shakespeare'S Sonnets,Poetry,£20.66,Four,1
Shameless,New Adult,£58.35,Three,48
Sharp Objects,Mystery,£47.82,Four,1
Shatter Me (Shatter Me #1),Default,£42.40,One,48
Ship Leaves Harbor: Essays On Travel By A Recovering Journeyman,Default,£30.60,Three,29
Shiver (The Wolves Of Mercy Falls #1),Default,£16.23,Five,31
"Shobu Samurai, Project Aryoku (#3)",Default,£29.06,Three,9
Shoe Dog: A Memoir By The Creator Of Nike,Business,£23.99,Two,9
Shopaholic & Baby (Shopaholic #5),Default,£46.45,Two,39
Shopaholic Ties The Knot (Shopaholic #3),Womens Fiction,£48.39,Five,34
"Shrunken Treasures: Literary Classics, Short, Sweet, And Silly",Childrens,£52.87,Three,26
Shtum,Fiction,£55.84,Four,14
Siddhartha,Fiction,£34.22,Five,31
Silence In The Dark (Logan Point #4),Suspense,£58.33,Three,23
Sister Dear,Fiction,£40.20,Four,26
Sister Sable (The Mad Queen #1),Fantasy,£13.33,Three,48
"Sit, Stay, Love",Romance,£20.90,Three,26
"Skip Beat!, Vol. 01 (Skip Beat! #1)",Sequential Art,£42.12,Three,48
Sleeping Giants (Themis Files #1),Science Fiction,£48.74,One,20
Slow States Of Collapse: Poems,Poetry,£57.31,Three,3
Smarter Faster Better: The Secrets Of Being Productive In Life And Business,Nonfiction,£38.89,Five,23
Snatched: How A Drug Queen Went Undercover For The Dea And Was Kidnapped By Colombian Guerillas,Nonfiction,£21.21,Three,19
"So Cute It Hurts!!, Vol. 6 (So Cute It Hurts!! #6)",Sequential Art,£35.43,Four,14
So You'Ve Been Publicly Shamed,Nonfiction,£12.23,Two,9
Soft Apocalypse,Science Fiction,£26.12,Two,9
Soldier (Talon #3),Fantasy,£24.72,Two,39
Some Women,Womens Fiction,£13.73,Five,33
Someone Like You (The Harrisons #2),Contemporary,£52.79,Five,14
Something Blue (Darcy & Rachel #2),Womens Fiction,£54.62,One,39
Something Borrowed (Darcy & Rachel #1),Womens Fiction,£48.96,Five,39
Something More Than This,Romance,£16.24,Four,9
Sophie'S World,Philosophy,£15.94,Five,2
Sorting The Beef From The Bull: The Science Of Food Fraud Forensics,Science,£44.74,Four,14
Soul Reader,Default,£39.58,Two,4
Soumission,Fiction,£50.10,One,1
South Of Sunshine,Young Adult,£28.93,One,23
Spark Joy: An Illustrated Master Class On The Art Of Organizing And Tidying Up,Nonfiction,£41.83,Four,4
Spilled Milk: Based On A True Story,Nonfiction,£49.51,One,39
Starlark,Historical Fiction,£25.83,Three,48
Stars Above (The Lunar Chronicles #4.5),Young Adult,£48.05,Two,19
"Starving Hearts (Triangular Trade Trilogy, #1)",Default,£13.99,Two,1
Steal Like An Artist: 10 Things Nobody Told You About Being Creative,Default,£20.90,Two,26
Steve Jobs,Default,£39.50,Five,14
Stiff: The Curious Lives Of Human Cadavers,Nonfiction,£36.74,Three,39
Still Life With Bread Crumbs,Fiction,£26.41,Three,14
Suddenly In Love (Lake Haven #1),Romance,£55.99,Two,9
Sugar Rush (Offensive Line #2),Sports and Games,£24.42,One,45
Superman Vol. 1: Before Truth (Superman By Gene Luen Yang #1),Sequential Art,£11.89,Five,14
"Surely You'Re Joking, Mr. Feynman!: Adventures Of A Curious Character",Science,£25.83,Two,39
Suzie Snowflake: One Beautiful Flake (A Self-Esteem Story),Novels,£54.81,Five,22
Swell: A Year Of Waves,Nonfiction,£45.58,One,14
Take Me Home Tonight (Rock Star Romance #3),Romance,£53.98,Three,20
Take Me With You,Fiction,£45.21,Three,13
Taking Shots (Assassins #1),Default,£18.88,Two,48
Talking To Girls About Duran Duran: One Young Man'S Quest For True Love And A Cooler Haircut,Nonfiction,£25.15,Four,31
Tastes Like Fear (Di Marnie Rome #3),Mystery,£10.69,One,13
Team Of Rivals: The Political Genius Of Abraham Lincoln,Default,£20.12,Five,26
Tell Me Three Things,Young Adult,£41.81,One,31
Tell The Wind And Fire,Fantasy,£45.51,Three,31
Tell The Wolves I'M Home,Young Adult,£50.96,Two,29
That Darkness (Gardiner And Renner #1),Mystery,£13.92,One,13
The 10% Entrepreneur: Live Your Startup Dream Without Quitting Your Day Job,Business,£27.55,Three,9
The 14Th Colony (Cotton Malone #11),Thriller,£39.24,One,13
The 5Th Wave (The 5Th Wave #1),Default,£11.83,Two,31
The 7 Habits Of Highly Effective People: Powerful Lessons In Personal Change,Default,£33.17,Four,26
The Activist'S Tao Te Ching: Ancient Advice For A Modern Revolution,Spirituality,£32.24,Five,4
The Age Of Genius: The Seventeenth Century And The Birth Of The Modern Mind,History,£19.73,One,4
The Alien Club,Young Adult,£54.40,One,22
The Argonauts,Autobiography,£10.93,Two,9
The Art Book,Art,£32.34,Two,26
The Art Forger,Default,£40.76,Three,4
The Art And Science Of Low Carbohydrate Living,Health,£52.98,Five,22
The Art Of Fielding,Fiction,£22.10,One,39
The Art Of Not Breathing,Young Adult,£40.83,Four,48
"The Art Of Simple Food: Notes, Lessons, And Recipes From A Delicious Revolution",Food and Drink,£34.32,Three,39
The Art Of Startup Fundraising,Business,£21.00,Three,20
The Art Of War,Default,£33.34,Five,9
The Artist'S Way: A Spiritual Path To Higher Creativity,Nonfiction,£38.49,Five,9
The Autobiography Of Malcolm X,Default,£23.43,Two,39
The Bachelor Girl'S Guide To Murder (Herringford And Watts Mysteries #1),Mystery,£52.30,Five,26
The Bad-Ass Librarians Of Timbuktu: And Their Race To Save The WorldâS Most Precious Manuscripts,Nonfiction,£15.77,One,13
The Bane Chronicles (The Bane Chronicles #1-11),Fantasy,£44.73,Four,13
The Barefoot Contessa Cookbook,Food and Drink,£59.92,Five,29
The Bear And The Piano,Childrens,£36.89,One,2
The Beast (Black Dagger Brotherhood #14),Fantasy,£46.08,Five,33
The Bette Davis Club,Fiction,£30.66,Three,48
The Bhagavad Gita,Religion,£57.49,Three,48
The Black Maria,Poetry,£52.15,One,1
The Blind Side: Evolution Of A Game,Default,£53.71,Five,39
The Bone Hunters (Lexy Vaughan & Steven Macaulay #2),Thriller,£59.71,Three,33
The Book Thief,Default,£53.49,Two,39
The Book Of Basketball: The Nba According To The Sports Guy,Sports and Games,£44.84,Five,39
The Book Of Mormon,Religion,£24.57,Three,22
The Bourne Identity (Jason Bourne #1),Fiction,£42.78,Four,26
The Boys In The Boat: Nine Americans And Their Epic Quest For Gold At The 1936 Berlin Olympics,Default,£22.60,Four,1
The Bridge To Consciousness: I'M Writing The Bridge Between Science And Our Old And New Beliefs.,Default,£32.00,Three,9
"The Bulletproof Diet: Lose Up To A Pound A Day, Reclaim Energy And Focus, Upgrade Your Life",Health,£49.05,Three,4
The Case For Christ (Cases For Christianity),Default,£47.84,One,39
The Cat In The Hat (Beginner Books B-1),Childrens,£16.26,Two,39
The Catcher In The Rye,Default,£24.55,One,39
The Children,Default,£11.88,Three,19
The Collected Poems Of W.B. Yeats (The Collected Works Of W.B. Yeats #1),Poetry,£15.42,Five,28
"The Coming Woman: A Novel Based On The Life Of The Infamous Feminist, Victoria Woodhull",Default,£17.93,Three,1
The Communist Manifesto,Default,£14.76,Three,47
The Complete Maus (Maus #1-2),Sequential Art,£10.64,Three,47
The Complete Poems,Default,£41.32,Five,39
The Complete Stories And Poems (The Works Of Edgar Allan Poe [Cameo Edition]),Classics,£26.78,Four,39
The Constant Princess (The Tudor Court #1),Historical Fiction,£16.62,Three,26
The Cookies & Cups Cookbook: 125+ Sweet & Savory Recipes Reminding You To Always Eat Dessert First,Food and Drink,£41.25,One,8
The Course Of Love,Fiction,£16.78,Three,45
The Crossover,Poetry,£38.77,Four,31
The Cuckoo'S Calling (Cormoran Strike #1),Mystery,£19.21,One,39
The Da Vinci Code (Robert Langdon #2),Fiction,£22.96,Two,39
The Darkest Corners,Young Adult,£11.33,Five,31
The Darkest Lie,Young Adult,£35.35,Five,13
The Day The Crayons Came Home (Crayons),Childrens,£26.33,Five,38
The Death Of Humanity: And The Case For Life,Philosophy,£58.11,Four,4
"The Demon Prince Of Momochi House, Vol. 4 (The Demon Prince Of Momochi House #4)",Sequential Art,£27.88,Two,33
The Demon-Haunted World: Science As A Candle In The Dark,Default,£52.25,Four,38
The Demonists (Demonist #1),Fantasy,£52.11,Two,33
The Devil Wears Prada (The Devil Wears Prada #1),Womens Fiction,£44.29,One,38
The Diary Of A Young Girl,Nonfiction,£59.90,Three,19
The Dinner Party,Fiction,£56.54,Two,19
The Dirty Little Secrets Of Getting Your Dream Job,Business,£33.34,Four,1
"The Disappearing Spoon: And Other True Tales Of Madness, Love, And The History Of The World From The Periodic Table Of The Elements",Science,£57.35,Five,38
The Dovekeepers,Default,£48.78,One,13
The Dream Thieves (The Raven Cycle #2),Default,£34.50,One,31
The Drowning Girls,Default,£35.67,Three,26
The E-Myth Revisited: Why Most Small Businesses Don'T Work And What To Do About It,Business,£36.91,One,23
The Edge Of Reason (Bridget Jones #2),Womens Fiction,£19.18,Four,47
The Electric Pencil: Drawings From Inside State Hospital No. 3,Nonfiction,£56.06,One,4
"The Elegant Universe: Superstrings, Hidden Dimensions, And The Quest For The Ultimate Theory",Science,£13.03,Four,38
The Elephant Tree,Thriller,£23.82,Five,2
The Emerald Mystery,Default,£23.15,Two,8
"The End Of Faith: Religion, Terror, And The Future Of Reason",Default,£22.13,Four,38
The End Of The Jesus Era (An Investigation #1),Nonfiction,£14.40,One,47
The Epidemic (The Program 0.6),Young Adult,£14.44,Five,19
The Exiled,Mystery,£43.45,Three,38
The Expatriates,Fiction,£44.58,Two,30
"The Fabric Of The Cosmos: Space, Time, And The Texture Of Reality",Science,£55.91,One,22
The Faith Of Christopher Hitchens: The Restless Soul Of The World'S Most Notorious Atheist,Biography,£39.55,One,26
The False Prince (The Ascendance Trilogy #1),Fantasy,£56.00,Five,30
The Fault In Our Stars,Default,£47.22,One,30
The Fellowship Of The Ring (The Lord Of The Rings #1),Default,£10.27,Two,28
The Firm,Fiction,£45.56,Three,30
The First Hostage (J.B. Collins #2),Fiction,£25.85,Three,13
The Five Love Languages: How To Express Heartfelt Commitment To Your Mate,Nonfiction,£31.05,Three,2
The Flowers Lied,Default,£16.68,Two,22
The Four Agreements: A Practical Guide To Personal Freedom,Spirituality,£17.66,Five,2
The Genius Of Birds,Nonfiction,£17.24,One,8
The Geography Of Bliss: One Grump'S Search For The Happiest Places In The World,Nonfiction,£28.23,Two,33
The Girl In The Ice (Dci Erika Foster #1),Mystery,£15.85,Three,47
The Girl Who Kicked The Hornet'S Nest (Millennium Trilogy #3),Default,£57.48,One,38
The Girl Who Played With Fire (Millennium Trilogy #2),Default,£22.14,Two,38
The Girl You Left Behind (The Girl You Left Behind #1),Historical,£15.79,One,28
The Girl You Lost,Mystery,£12.29,Five,47
The Girl On The Train,Default,£55.02,Two,8
The Girl With All The Gifts,Horror,£49.47,Three,38
The Giver (The Giver Quartet #1),Default,£12.30,One,38
The Glass Castle,Default,£16.24,One,26
The Glittering Court (The Glittering Court #1),Fantasy,£44.28,One,8
The God Delusion,Default,£46.85,Three,28
The Golden Compass (His Dark Materials #1),Default,£18.77,One,28
The Golden Condom: And Other Essays On Love Lost And Found,Psychology,£39.43,One,19
The Goldfinch,Default,£43.58,Three,38
The Good Girl,Default,£49.03,Three,26
The Grand Design,Science,£13.76,Three,30
The Gray Rhino: How To Recognize And Act On The Obvious Dangers We Ignore,Default,£59.15,Four,19
The Great Gatsby,Default,£36.05,Four,26
The Great Railway Bazaar,Travel,£30.54,One,28
The Grownup,Short Stories,£35.88,One,23
The Guernsey Literary And Potato Peel Pie Society,Historical Fiction,£49.53,One,38
The Guilty (Will Robie #4),Thriller,£13.82,Two,13
The Gunning Of America: Business And The Making Of American Gun Culture,Nonfiction,£16.81,Four,33
The Guns Of August,History,£14.54,Two,38
The Gutsy Girl: Escapades For Your Life Of Epic Adventure,Nonfiction,£37.13,One,4
The Haters,Young Adult,£27.89,Five,47
The Help Yourself Cookbook For Kids: 60 Easy Plant-Based Recipes Kids Can Make To Stay Healthy And Save The Earth,Food and Drink,£28.77,Three,13
The Hidden Oracle (The Trials Of Apollo #1),Fantasy,£52.26,Two,13
The Hiding Place,History,£55.91,Four,30
The High Mountains Of Portugal,Fiction,£51.15,One,23
The Hitchhiker'S Guide To The Galaxy (Hitchhiker'S Guide To The Galaxy #1),Default,£47.80,Three,38
The Hobbit (Middle-Earth Universe),Default,£17.80,Five,28
The Hook Up (Game On #1),New Adult,£36.29,Five,47
The Hound Of The Baskervilles (Sherlock Holmes #5),Classics,£14.82,Two,33
The House By The Lake,Historical Fiction,£36.95,One,8
The Hunger Games (The Hunger Games #1),Default,£29.85,Five,33
The Husband'S Secret,Fiction,£52.51,Five,38
The Iliad,Default,£16.16,One,47
The Immortal Life Of Henrietta Lacks,Default,£40.67,Two,13
The Improbability Of Love,Fiction,£59.45,One,20
"The Inefficiency Assassin: Time Management Tactics For Working Smarter, Not Longer",Default,£20.59,Five,4
The Infinities,Fiction,£27.41,One,38
The Invention Of Wings,Historical Fiction,£37.34,One,28
The Jazz Of Physics: The Secret Link Between Music And The Structure Of The Universe,Nonfiction,£38.71,Three,33
The Joy Of Cooking,Default,£43.27,Four,28
The Kite Runner,Default,£41.82,Four,8
"The Land Of 10,000 Madonnas",Young Adult,£29.64,Four,38
The Last Girl (The Dominion Trilogy #1),Science Fiction,£36.26,Two,47
The Last Mile (Amos Decker #2),Mystery,£54.21,Two,13
The Last Painting Of Sara De Vos,Historical Fiction,£55.55,Two,38
The Lean Startup: How Today'S Entrepreneurs Use Continuous Innovation To Create Radically Successful Businesses,Business,£33.92,Three,38
The Life-Changing Magic Of Tidying Up: The Japanese Art Of Decluttering And Organizing,Nonfiction,£16.77,Three,4
The Light Of The Fireflies,Default,£54.43,One,47
The Literature Book (Big Ideas Simply Explained),Nonfiction,£17.43,Three,13
The Little Paris Bookshop,Fiction,£24.73,Three,30
The Little Prince,Classics,£45.42,Two,47
The Lonely City: Adventures In The Art Of Being Alone,Nonfiction,£33.26,Two,19
The Lonely Ones,Childrens,£43.59,Five,37
The Loney,Horror,£23.40,One,13
The Long Haul (Diary Of A Wimpy Kid #9),Humor,£44.07,One,13
The Long Shadow Of Small Ghosts: Murder And Memory In An American City,Crime,£10.97,One,8
The Love And Lemons Cookbook: An Apple-To-Zucchini Celebration Of Impromptu Cooking,Food and Drink,£37.60,Two,8
The Lover'S Dictionary,Default,£58.09,Two,37
The Lucifer Effect: Understanding How Good People Turn Evil,Psychology,£10.40,One,13
The Makings Of A Fatherless Child,Default,£31.58,Two,28
The Man Who Mistook His Wife For A Hat And Other Clinical Tales,Nonfiction,£59.45,Four,28
The Marriage Of Opposites,Historical Fiction,£28.08,Four,13
The Martian (The Martian #1),Default,£41.39,Two,23
The Matchmaker'S Playbook (Wingmen Inc. #1),New Adult,£55.85,One,8
The Mathews Men: Seven Brothers And The War Against Hitler'S U-Boats,History,£42.91,Five,30
The Maze Runner (The Maze Runner #1),Default,£20.93,One,37
The Metamorphosis,Classics,£28.58,One,30
"The Midnight Assassin: Panic, Scandal, And The Hunt For America'S First Serial Killer",Nonfiction,£28.45,Four,23
The Midnight Watch: A Novel Of The Titanic And The Californian,Default,£26.20,One,19
"The Mindfulness And Acceptance Workbook For Anxiety: A Guide To Breaking Free From Anxiety, Phobias, And Worry Using Acceptance And Commitment Therapy",Default,£23.89,Four,4
The Mirror & The Maze (The Wrath And The Dawn #1.5),Fantasy,£29.38,One,47
The Mistake (Off-Campus #2),New Adult,£43.29,Three,8
"The Moosewood Cookbook: Recipes From Moosewood Restaurant, Ithaca, New York",Food and Drink,£12.34,Four,22
The Most Perfect Thing: Inside (And Outside) A Bird'S Egg,Science,£42.96,Four,4
The Murder That Never Was (Forensic Instincts #5),Fiction,£54.11,Three,4
The Murder Of Roger Ackroyd (Hercule Poirot #4),Mystery,£44.10,Four,8
The Mysterious Affair At Styles (Hercule Poirot #1),Mystery,£24.80,Four,28
The Name Of God Is Mercy,Nonfiction,£37.25,Two,37
The Name Of The Wind (The Kingkiller Chronicle #1),Default,£50.59,Three,47
The Nameless City (The Nameless City #1),Sequential Art,£38.16,Four,4
The Nanny Diaries (Nanny #1),Womens Fiction,£52.53,Five,37
The Natural History Of Us (The Fine Art Of Pretending #2),Young Adult,£45.22,Three,3
The Nerdy Nummies Cookbook: Sweet Treats For The Geek In All Of Us,Food and Drink,£37.34,Five,8
The New Brand You: Your New Image Makes The Sale For You,Default,£44.05,Five,22
The New Drawing On The Right Side Of The Brain,Art,£43.02,Three,23
The New Guy (And Other Senior Year Distractions),Young Adult,£44.92,Three,37
The Nicomachean Ethics,Philosophy,£36.34,One,47
The Nightingale,Fiction,£26.26,Four,37
The No. 1 Ladies' Detective Agency (No. 1 Ladies' Detective Agency #1),Mystery,£57.70,Four,47
The Obsession,Romance,£45.43,One,37
The Odyssey,Default,£29.64,Three,47
The Omnivore'S Dilemma: A Natural History Of Four Meals,Nonfiction,£38.21,Two,8
The Origin Of Species,Science,£10.01,Four,26
The Paris Wife,Default,£36.80,Three,37
The Passion Of Dolssa,Historical Fiction,£28.32,Five,33
The Past Never Ends,Mystery,£56.50,Four,3
The Perfect Play (Play By Play #1),Romance,£59.99,Three,33
The Perks Of Being A Wallflower,Default,£55.02,Three,28
The Picture Of Dorian Gray,Classics,£29.70,Two,37
The Pilgrim'S Progress,Classics,£50.26,Two,33
"The Pioneer Woman Cooks: Dinnertime: Comfort Classics, Freezer Food, 16-Minute Meals, And Other Delicious Ways To Solve Supper!",Food and Drink,£56.41,One,3
The Power Greens Cookbook: 140 Delicious Superfood Recipes,Food and Drink,£11.05,Five,30
The Power Of Habit: Why We Do What We Do In Life And Business,Default,£16.88,Three,13
The Power Of Now: A Guide To Spiritual Enlightenment,Nonfiction,£43.54,Two,8
The Project,Science Fiction,£10.65,One,8
The Psychopath Test: A Journey Through The Madness Industry,Default,£36.00,Two,8
The Purest Hook (Second Circle Tattoos #3),Romance,£12.25,One,37
The Purpose Driven Life: What On Earth Am I Here For?,Default,£37.19,Three,37
The Raven Boys (The Raven Cycle #1),Fantasy,£57.74,Four,30
The Raven King (The Raven Cycle #4),Default,£30.57,Two,30
The Red Tent,Historical Fiction,£35.66,Five,37
The Regional Office Is Under Attack!,Fiction,£51.36,Five,8
The Republic,Default,£33.78,Three,47
The Requiem Red,Young Adult,£22.65,One,1
The Rest Is Noise: Listening To The Twentieth Century,Default,£34.77,One,37
The Restaurant At The End Of The Universe (Hitchhiker'S Guide To The Galaxy #2),Science Fiction,£10.92,One,37
The Rise And Fall Of The Third Reich: A History Of Nazi Germany,History,£39.67,Two,28
The Rise Of Theodore Roosevelt (Theodore Roosevelt #1),Biography,£42.57,Three,37
The Road To Little Dribbling: Adventures Of An American In Britain (Notes From A Small Island #2),Travel,£23.21,One,37
The Rose & The Dagger (The Wrath And The Dawn #2),Fantasy,£58.64,Four,37
The Rosie Project (Don Tillman #1),Default,£54.04,One,12
"The Sandman, Vol. 1: Preludes And Nocturnes (The Sandman (Volumes) #1)",Sequential Art,£54.12,Three,47
"The Sandman, Vol. 2: The Doll'S House (The Sandman (Volumes) #2)",Sequential Art,£54.81,One,45
"The Sandman, Vol. 3: Dream Country (The Sandman (Volumes) #3)",Sequential Art,£55.55,Five,37
The Secret (The Secret #1),Default,£27.37,Four,8
The Secret Garden,Classics,£15.08,Four,30
The Secret Healer,Historical Fiction,£34.56,Three,47
The Secret Of Dreadwillow Carse,Childrens,£56.13,One,3
The Selfish Gene,Science,£29.45,One,46
The Sense Of An Ending,Default,£31.38,Three,45
The Shack,Fiction,£28.03,One,22
The Shadow Hero (The Shadow Hero),Sequential Art,£33.14,One,8
The Shining (The Shining #1),Default,£27.88,Three,33
The Silent Sister (Riley Macpherson #1),Fiction,£46.29,Five,18
The Silent Twin (Detective Jennifer Knight #3),Fantasy,£36.25,Three,46
The Silent Wife,Fiction,£12.34,Five,46
The Silkworm (Cormoran Strike #2),Mystery,£23.05,Five,37
"The Sleep Revolution: Transforming Your Life, One Night At A Time",Nonfiction,£11.68,Four,20
The Smitten Kitchen Cookbook,Food and Drink,£23.59,One,36
The Song Of Achilles,Default,£37.40,Five,12
The Songs Of The Gods,Default,£44.48,Five,12
The Sound Of Love,Default,£57.84,Five,28
The Stand,Horror,£57.86,Two,36
The Star-Touched Queen,Fantasy,£46.02,Five,12
The Story Of Art,Art,£41.14,Four,26
The Story Of Hong Gildong,Classics,£43.19,Four,46
The Stranger,Philosophy,£17.44,Four,7
"The Suffragettes (Little Black Classics, #96)",Nonfiction,£11.89,Two,45
The Testament Of Mary,Fiction,£52.67,Four,12
The Thing About Jellyfish,Childrens,£48.77,One,36
The Third Wave: An EntrepreneurâS Vision Of The Future,Business,£12.61,Five,7
"The Three Searches, Meaning, And The Story",Default,£13.33,Three,18
The Time Keeper,Fiction,£27.88,Five,12
The Tipping Point: How Little Things Can Make A Big Difference,Default,£10.02,Two,36
The Torch Is Passed: A Harding Family Story,Default,£19.09,One,3
The Travelers,Thriller,£15.77,One,36
The Tumor,Nonfiction,£41.56,Five,46
The Undomestic Goddess,Womens Fiction,£45.75,Four,36
The Unlikely Pilgrimage Of Harold Fry (Harold Fry #1),Default,£43.62,Five,23
The Vacationers,Fiction,£42.15,Four,7
The Wedding Dress,Romance,£24.12,One,7
The Wedding Pact (The O'Malleys #2),Romance,£32.61,Three,12
The Whale,Childrens,£35.96,Four,25
The White Cat And The Monk: A Retelling Of The Poem ÂPangur Bã¡Nâ,Childrens,£58.08,Four,7
The White Queen (The Cousins' War #1),Default,£25.91,Five,12
"The Wicked + The Divine, Vol. 1: The Faust Act (The Wicked + The Divine)",Sequential Art,£36.52,Two,46
"The Wicked + The Divine, Vol. 3: Commercial Suicide (The Wicked + The Divine)",Sequential Art,£14.41,Three,36
The Widow,Mystery,£27.26,Two,20
The Wild Robot,Childrens,£56.07,Three,36
The Wright Brothers,Default,£56.80,Four,12
The Year Of Living Biblically: One Man'S Humble Quest To Follow The Bible As Literally As Possible,Default,£34.72,One,25
The Year Of Magical Thinking,Nonfiction,£43.04,Two,12
The Zombie Room,Default,£19.69,Five,46
"Thinking, Fast And Slow",Psychology,£21.14,One,36
Thirst,Fiction,£17.27,Five,3
Thirteen Reasons Why,Default,£52.72,One,7
This Is Where It Ends,Young Adult,£27.12,Two,12
This Is Your Brain On Music: The Science Of A Human Obsession,Music,£38.40,One,30
This One Moment (Pushing Limits #1),Romance,£48.71,One,46
This One Summer,Sequential Art,£19.49,Four,3
Thomas Jefferson And The Tripoli Pirates: The Forgotten War That Changed American History,History,£59.64,One,7
Three Wishes (River Of Time: California #1),Science Fiction,£44.18,Two,46
Three-Martini Lunch,Fiction,£23.21,Three,36
Throne Of Glass (Throne Of Glass #1),Fantasy,£35.07,Three,7
Through The Woods,Sequential Art,£25.38,Two,12
Throwing Rocks At The Google Bus: How Growth Became The Enemy Of Prosperity,Nonfiction,£31.12,Three,3
Tipping Point For Planet Earth: How Close Are We To The Edge?,Science,£37.55,One,18
Tipping The Velvet,Historical Fiction,£53.74,One,1
Toddlers Are A**Holes: It'S Not Your Fault,Humor,£25.55,One,25
Tracing Numbers On A Train,Default,£41.60,Three,7
Travels With Charley: In Search Of America,Nonfiction,£57.82,Five,46
"Trespassing Across America: One Man'S Epic, Never-Done-Before (And Sort Of Illegal) Hike Across The Heartland",Nonfiction,£53.51,One,36
Troublemaker: Surviving Hollywood And Scientology,Default,£48.39,Two,20
Tsubasa: World Chronicle 2 (Tsubasa World Chronicle #2),Sequential Art,£16.28,One,3
Tuesday Nights In 1980,Fiction,£21.04,Two,7
Twenties Girl,Womens Fiction,£42.80,Two,36
Twenty Love Poems And A Song Of Despair,Poetry,£30.95,Four,46
Twenty Yawns,Childrens,£22.08,Two,12
Twilight (Twilight #1),Default,£41.93,Two,36
Two Boys Kissing,Young Adult,£32.74,Two,36
Two Summers,Young Adult,£14.64,One,30
"Unbound: How Eight Technologies Made Us Human, Transformed Society, And Brought Our World To The Brink",History,£25.52,One,3
"Unbroken: A World War Ii Story Of Survival, Resilience, And Redemption",Default,£45.95,Two,12
Under The Banner Of Heaven: A Story Of Violent Faith,Nonfiction,£30.00,One,36
Under The Tuscan Sun,Travel,£37.33,Three,25
Underlying Notes,Default,£11.82,Two,22
Unicorn Tracks,Fantasy,£18.78,Three,3
Unlimited Intuition Now,Default,£58.87,Four,22
Unreasonable Hope: Finding Faith In The God Who Brings Purpose To Your Pain,Spirituality,£46.33,Two,25
"Unseen City: The Majesty Of Pigeons, The Discreet Charm Of Snails & Other Wonders Of The Urban Wilderness",Nonfiction,£44.18,Four,3
"Unstuffed: Decluttering Your Home, Mind, And Soul",Nonfiction,£58.09,One,36
Until Friday Night (The Field Party #1),Young Adult,£46.31,Two,12
Untitled Collection: Sabbath Poems 2014,Poetry,£14.27,Four,3
V For Vendetta (V For Vendetta Complete),Default,£37.10,Four,12
Vagabonding: An Uncommon Guide To The Art Of Long-Term World Travel,Travel,£36.94,Two,23
Vampire Girl (Vampire Girl #1),Fantasy,£53.82,Two,46
"Vampire Knight, Vol. 1 (Vampire Knight #1)",Paranormal,£15.40,One,46
Vegan Vegetarian Omnivore: Dinner For Everyone At The Table,Food and Drink,£13.66,Two,36
Very Good Lives: The Fringe Benefits Of Failure And The Importance Of Imagination,Nonfiction,£50.66,Three,36
Vogue Colors A To Z: A Fashion Coloring Book,Default,£52.35,Four,33
Voyager (Outlander #3),Historical Fiction,£21.07,Five,36
Walk The Edge (Thunder Road #2),Young Adult,£32.36,Three,36
Wall And Piece,Art,£44.18,Four,2
Walt Disney'S Alice In Wonderland,Childrens,£12.96,Five,12
Watchmen,Default,£58.05,Four,22
Ways Of Seeing,Art,£39.51,Five,46
We Are All Completely Beside Ourselves,Contemporary,£24.04,One,35
"We Are Robin, Vol. 1: The Vigilante Business (We Are Robin #1)",Sequential Art,£53.90,One,12
"We Love You, Charlie Freeman",Fiction,£50.27,Five,3
We The People: The Modern-Day Figures Who Have Reshaped And Affirmed The Founding Fathers' Vision Of America,Nonfiction,£31.95,Three,35
What Happened On Beale Street (Secrets Of The South Mysteries #2),Mystery,£25.37,Five,25
What If?: Serious Scientific Answers To Absurd Hypothetical Questions,Default,£53.68,Four,30
What'S It Like In Space?: Stories From Astronauts Who'Ve Been There,Nonfiction,£19.60,Two,12
When Breath Becomes Air,Nonfiction,£39.36,Two,23
When I'M Gone,Fiction,£51.96,Three,46
When We Collided,Contemporary,£31.77,One,3
When You Are Engulfed In Flames,Humor,£30.89,Five,35
Where Lightning Strikes (Bleeding Stars #3),Romance,£39.77,Three,46
Where She Went (If I Stay #2),Young Adult,£41.73,Four,30
"Where'D You Go, Bernadette",Default,£18.13,One,35
While You Were Mine,Historical Fiction,£41.32,Five,46
Whole Lotta Creativity Going On: 60 Fun And Unusual Exercises To Awaken And Strengthen Your Creativity,Nonfiction,£38.20,Four,12
Why Not Me?,Nonfiction,£17.76,One,23
Why Save The Bankers?: And Other Essays On Our Economic And Political Crisis,Nonfiction,£48.67,Two,30
Why The Right Went Wrong: Conservatism--From Goldwater To The Tea Party And Beyond,Politics,£52.65,Four,11
Wild Swans,Young Adult,£14.36,Two,11
Wild: From Lost To Found On The Pacific Crest Trail,Default,£46.02,Three,35
Wildlife Of New York: A Five-Borough Coloring Book,Default,£22.14,Two,25
"Will Grayson, Will Grayson (Will Grayson, Will Grayson)",Young Adult,£47.31,Four,30
Will You Won'T You Want Me?,Womens Fiction,£13.86,Three,18
"William Shakespeare'S Star Wars: Verily, A New Hope (William Shakespeare'S Star Wars #4)",Science Fiction,£43.30,Four,7
Without Borders (Wanderlove #1),New Adult,£45.07,Two,3
Without Shame,Default,£48.27,Five,22
"Wonder Woman: Earth One, Volume One (Wonder Woman: Earth One #1)",Sequential Art,£37.34,Four,11
World War Z: An Oral History Of The Zombie War,Default,£21.80,One,35
World Without End (The Pillars Of The Earth #2),Historical Fiction,£32.97,Four,30
Worlds Elsewhere: Journeys Around ShakespeareâS Globe,Nonfiction,£40.30,Five,2
Wuthering Heights,Classics,£17.73,Three,35
"Y: The Last Man, Vol. 1: Unmanned (Y: The Last Man #1)",Sequential Art,£18.51,Four,46
You (You #1),Thriller,£43.61,Five,11
You Are What You Love: The Spiritual Power Of Habit,Religion,£21.87,Four,7
You Are A Badass: How To Stop Doubting Your Greatness And Start Living An Awesome Life,Self Help,£12.08,Three,25
You Can'T Bury Them All: Poems,Poetry,£33.63,Two,2
Zealot: The Life And Times Of Jesus Of Nazareth,History,£24.70,Three,11
Zero History (Blue Ant #3),Default,£34.77,One,35
"Zero To One: Notes On Startups, Or How To Build The Future",Nonfiction,£34.06,Three,23
Orange: The Complete Collection 1 (Orange: The Complete Collection #1),Sequential Art,£48.41,One,5
Salt.,Poetry,£46.78,Four,14
